Data_index,VAR_result (1 steps ahead),VAR_result (5 steps ahead),VAR_result (20 steps ahead)
0,0.013221981727353232,0.013563910250822452,0.01447986906599855
1,0.12683731235184278,0.15460049926807912,0.16453607658475058
2,0.00047512279886255295,0.0013383421835855339,0.004953481029050712
3,0.0065111474648643485,0.008404443296246017,0.008872584506459055
4,0.007841440928133098,0.00774376271937166,0.007674112548653478
5,0.004179221417920345,0.004903116776173604,0.009225158810303674
6,0.0033344831438380613,0.0059868092573649515,0.020858179197790164
7,0.001548121655929548,0.00242952743252514,0.008520686926423998
8,0.0031404488494001697,0.002979267816130711,0.00372159795766403
9,0.0020413413640447044,0.002537486668213319,0.006229309821773811
10,0.003361331925214741,0.00397095316892045,0.007761789756733675
11,0.007761993368127084,0.007607294148410132,0.007390913957645098
12,0.007162643627720784,0.008311059484899947,0.010037546031129227
13,0.005656478105103944,0.006194940563771175,0.006445701213313534
14,0.0037595588394148116,0.003525649122199705,0.004419111298151786
15,0.008435710604275615,0.006926954803188209,0.009044136654783583
16,0.00644199491133325,0.006303941052092224,0.006530688305293264
17,0.0055844884661932475,0.005317205045599672,0.00749496013531038
18,0.008500697959462886,0.010654397384638874,0.01415398542187657
19,0.2295076534220235,0.29215792945778907,0.4583431991857702
20,0.018662970760080784,0.019755115597930823,0.020152243553431166
21,0.006269274800028028,0.007343329211110448,0.008229649262241337
22,0.0018955386028193986,0.002065465849525649,0.003204751345394635
23,0.0056878035845697675,0.0059603877561433035,0.006779138206026786
24,0.02006694580094658,0.020913873874002474,0.02130062888007652
25,0.00182071235953286,0.0021255940234715166,0.002307250366958279
26,0.002379206525424782,0.002693579077407264,0.004235887326596077
27,0.007131005776943755,0.008262648650627626,0.0159477486933561
28,0.0027084219161712837,0.003076855770539416,0.0038728789636889357
29,0.0012078775675383841,0.0012228020309852361,0.001219568579582473
30,0.0037201741418753155,0.00328998625953081,0.004062753859153321
31,0.04243259455048279,0.047292266971959256,0.04909945483234272
32,0.009759131130462265,0.010205112466276567,0.010818573094851625
33,0.004782664841717843,0.00449408671022301,0.0045675239781014145
34,0.002539131016023874,0.003097084325271074,0.006586524593805182
35,0.004011291784500665,0.003761048859894819,0.005030650127137508
36,0.008175328329723338,0.007848208702981281,0.008652468721400335
37,0.004291828780266073,0.0050847819125777564,0.008926538621097567
38,0.002675418883984175,0.003124110716788101,0.004281665406559112
39,0.0243583820570882,0.02673127639344273,0.03087994940188072
40,0.003586791055260484,0.0028762246641477864,0.0026763954607702573
41,0.007938628455917588,0.009102662744614909,0.009523467887400036
42,0.0022761091612600024,0.0036742334127581994,0.009585578056720476
43,0.004501129317912335,0.005521497052692924,0.00863785909500011
44,0.0035721930658587967,0.004702396663216768,0.0053776050033458546
45,0.0021321968141263916,0.002127527252497695,0.004348632727407184
46,0.0046737785700156,0.006087068581797059,0.010879626463327779
47,0.007796454659145799,0.011097328116217615,0.020293950354725636
48,0.02255335386757094,0.025164891362185263,0.030525603166783405
49,0.008974683033189079,0.008807956950295025,0.01562745463401992
50,0.017549182687894384,0.020737621142412368,0.03137573127838707
51,0.0038659943264635127,0.007493343544834373,0.02652791469687072
52,0.003614582478983032,0.005038557332555946,0.011794767897764348
53,0.0017429261455339077,0.00210272770868672,0.0022838420253700124
54,0.3571002419554391,0.7345495769310838,1.9834729166683216
55,0.09613146337706942,0.09377963356639912,0.06725553303594094
56,0.21654366363723465,0.2828042726563383,0.5487560533261135
57,0.0042675063662101905,0.0038261743088180283,0.00425344703669372
58,0.00788166145781304,0.010187068389998449,0.011302479766309229
59,0.002527534632289329,0.003995859956004537,0.01226768706766122
60,0.003524016460979256,0.003339136871540803,0.0039151972474034645
61,0.007563419490875965,0.008869303398437051,0.009259254605024725
62,0.009320314454291588,0.009704486345789586,0.011582513003345533
63,0.0037180384656540374,0.004045430213012461,0.004871142359218432
64,3.5196139423496526,3.7091141772580545,3.410517094547109
65,0.006774492929369547,0.00682133305263002,0.00945090665159554
66,0.007665450255867073,0.006638382363586154,0.011536859955613212
67,0.03019911848337061,0.0381168529907466,0.040441205910352426
68,0.0035810531125135283,0.00340015752140402,0.003338642499482999
69,0.004754895865514563,0.005812888283815313,0.012362439874222647
70,0.01446956746606739,0.013754252488472268,0.0171066617952894
71,0.0017974645015173096,0.0018947876930572396,0.002187827515354078
72,0.014462536336760002,0.017726893359531707,0.03611138817040177
73,0.006860367478933191,0.0056584677290480775,0.006507761641055793
74,0.04606641627724925,0.046524401690045555,0.056416680665440436
75,0.0027810145662611925,0.0032676114977407984,0.00401373651901785
76,0.009094974134998093,0.009782081075451015,0.011212751430437522
77,0.0030542279345566275,0.0029051471133318698,0.004485969211985425
78,0.0037190268690759365,0.003980017776919843,0.005653049318042325
79,0.007026250136322128,0.008072292835071217,0.010970004976241295
80,0.002666915818965382,0.0028654305486164994,0.003126426064581828
81,0.003431031785947617,0.005212464001855919,0.012962663412920867
82,0.0037872513446769672,0.0036681930344983214,0.003816782280100108
83,0.002263620064358297,0.0023696492032940783,0.003424702394795672
84,0.00471090426150088,0.006574670705354327,0.013126824928180516
85,0.014837650863329232,0.01611618090557938,0.016852923559609746
86,0.007220878065434451,0.0064544179758883645,0.006028899402067067
87,0.0021405711363817028,0.0028291858236307353,0.0030249805895020804
88,0.0016699370557580098,0.0023171644368743757,0.0033930946558471064
89,0.0021321745386831364,0.004574296966448038,0.014608344634949892
90,0.028588292680667104,0.03501232788393318,0.07432530101154652
91,0.01873488149054666,0.01632025383286874,0.019464722379434786
92,0.019827440577456605,0.02221339501138821,0.023749210008520462
93,0.006919818332592751,0.007584054661958898,0.007954599581128919
94,0.0030209616013889547,0.0034497936962048694,0.003723585845296886
95,0.01995065186976123,0.02183669070101751,0.02298361048361579
96,0.017098095462212925,0.019932709195257473,0.020294963096686085
97,0.0022429885863296506,0.0036820772537865796,0.007514259068778086
98,0.0019184206314503654,0.004631122723390444,0.017419873549830246
99,0.0032455532873436345,0.002926964551319453,0.0027776104768914706
100,0.14396574276699522,0.13216254280742917,0.1842384493828487
101,0.004154082601819152,0.0035642593904370422,0.00541957668378423
102,0.008999802334826857,0.010658624575588192,0.015797320106776615
103,0.004196249885913944,0.004804596574075465,0.0069146191079677635
104,0.004167703598363215,0.005571003865449022,0.005779012226021189
105,0.0025306690812225384,0.004755077149332347,0.016772615252139692
106,0.035175623085675144,0.036409578329365914,0.038321125592386894
107,0.0068166196961112115,0.007342004021255352,0.007979571275227294
108,0.004530028205504367,0.0042880577902457,0.00621705585863481
109,0.005435094047718988,0.00880850795154478,0.02455855262423334
110,0.0017236526011106979,0.001655649651544604,0.001563796203221973
111,0.003311872953238744,0.0032006677717023855,0.0045635891905670516
112,0.01524619699395582,0.017807758881449597,0.05306880266902881
113,0.0022814596964489753,0.00224982404205601,0.002242392307273877
114,0.0022882303596649884,0.0035406783012327803,0.005259994834592895
115,0.044945405077985036,0.052770118111367316,0.058814700288119325
116,0.0018516311876549643,0.0023113267230262828,0.0029212688277764176
117,0.002231293282140838,0.002654778246441944,0.0045228122080523845
118,0.0025882302486196994,0.0026852772902227063,0.0038741931240963362
119,0.029557266044841074,0.03378823049110044,0.04840116608918867
120,0.011793871939531275,0.01199422578650706,0.0125250333604074
121,0.004972099065001036,0.005888504240523016,0.0060912762516388275
122,0.014120469452180021,0.011929224295658897,0.011634885586176624
123,0.011993745676854024,0.013231108444842401,0.017847582060832864
124,0.015437297792148402,0.01712667140344952,0.023665643057662965
125,0.004194051559406675,0.0044614697449418695,0.004821054773226671
126,0.011490657720136018,0.019093708605976475,0.06616463219690868
127,0.001565980942269935,0.0015385063375912042,0.0026013168763038873
128,0.00919022450444618,0.010802368533723567,0.011758178912895762
129,0.012777610430520095,0.013840198878363484,0.014073195097491456
130,0.009185119111435984,0.010421374864029996,0.020165095776809524
131,0.004980700562149628,0.005299533660801701,0.009883761713625715
132,0.0021297254293725924,0.007307377642116832,0.027253411292026835
133,0.011367328170002428,0.010025901614819659,0.009598200989916858
134,0.003909931424931743,0.004933108992728412,0.0091890335120484
135,0.014998672822611619,0.012989925564937175,0.01325131032302717
136,0.003912675967177195,0.004917968554771588,0.01114330159428376
137,0.004389522791205361,0.004614763129889872,0.004727365175769968
138,0.007923731909432092,0.009506578553464977,0.010263361179669781
139,0.0036228195315895885,0.004076438180592779,0.004171761100029182
140,0.0066085201455050755,0.006660625525407744,0.008671355997801534
141,0.03820766981528264,0.04721949565537296,0.06484802425163379
142,0.07527575622199491,0.07347821399981717,0.07805686950014198
143,0.036048350397783833,0.045664746919245706,0.06691864155006773
144,0.04325181782478246,0.03873614071585,0.03702466337499733
145,0.0029819138295143397,0.004035452362867437,0.008295120651959703
146,0.0026810070561388887,0.00255890342210329,0.0028036599399436303
147,0.0020929718208239534,0.0036817104445350185,0.010222137947102632
148,0.02771460209008192,0.028564499360632423,0.028489796732695437
149,0.0065733716932807424,0.005464884315369472,0.010954905908813055
150,0.0023312466431695622,0.0028307188676239374,0.004076481965984038
151,0.0018782679450675493,0.0019437560758762697,0.0024092889355833836
152,0.0009739808135492561,0.0032493472304778786,0.013084983255039389
153,0.0028847112158254147,0.003242915737746367,0.0036407237848238554
154,0.0034558293634672473,0.0045751767997819805,0.007319513204533355
155,0.17176465601379828,0.2849577359413031,0.6058647678616047
156,0.0059670676672095605,0.0063032444309007955,0.014703988984543653
157,0.0010513300417726858,0.001561965517070741,0.005362330205274407
158,0.009212111014429,0.010876127955818621,0.01162903125776208
159,0.021637741979653465,0.028798035753764214,0.03272351519941404
160,0.019458245335691498,0.0223210961025238,0.036066238922451366
161,0.006201980521289278,0.00746452384943727,0.008096739666422305
162,0.020023776074115696,0.02163329367670089,0.02521901288353081
163,0.0225746251281755,0.02291066635885719,0.022436362164537527
164,0.001117537528475622,0.001494315726437415,0.002474503209461048
165,0.04954978799406629,0.042235236439826,0.04222861753958338
166,0.0023863170927488535,0.002555836176828237,0.0023760735896922788
167,0.007801197507293242,0.007252452743657325,0.008036852313423482
168,0.002198643564525627,0.0019297345672862223,0.001786842103124322
169,0.025827242805212074,0.02866418578595088,0.030277031482732798
170,0.0036088005963103866,0.005481120771893464,0.014880953965962364
171,0.0005562192124184053,0.0005353120163146719,0.0014345969008304174
172,0.007234096880682139,0.007658450819101187,0.0091911969531724
173,0.006688768178948551,0.006506011234908146,0.006837629024458528
174,0.1089747098775848,0.14057767363986975,0.14933855861677706
175,0.0035887945583269938,0.006216150465383995,0.015858137795268658
176,0.002133842567440625,0.002301802476477299,0.0045653545672063095
177,0.000965204541472839,0.0012774612009898863,0.0027858580834157587
178,0.012315620758659648,0.015296237550689162,0.02529444140263821
179,0.02249235319006767,0.02385573416091161,0.03249070084815401
180,0.01612308095416441,0.019559156510212533,0.01971594600729615
181,0.09281198762617945,0.0871493117253292,0.09326976249519416
182,0.022270653313234124,0.029694360579381386,0.03463916498235426
183,0.0031415285290195987,0.004818657696442472,0.011933756038127581
184,0.0031778523109831395,0.0035900497463012267,0.0038560626037207352
185,0.003047670590853535,0.002953853248511801,0.0033831357437820605
186,0.0010356443389905221,0.0014135024277844221,0.005785913153089549
187,0.0023761092918744378,0.0030973021167274104,0.0034470816827705396
188,0.037613481118252905,0.05461283959470947,0.06989945175533782
189,0.007268453531101617,0.01095979197517922,0.025784958242682444
190,0.0050305136462705236,0.004560347121036765,0.01442666472487313
191,0.02204505349844061,0.022134714663506173,0.025124147774208537
192,0.00836946167783113,0.010207910329303611,0.021603712618847807
193,0.07514945865622538,0.09390368852171913,0.12309028266051718
194,0.0020058427893523923,0.002498623297068844,0.007773283893848372
195,0.021799366412679575,0.03290919441509707,0.08200129800238293
196,0.004600538171356812,0.005827261386653633,0.008365277320270844
197,0.0030346206018566934,0.003961247033934132,0.007467691365072669
198,0.0049751731641978336,0.004937922217702301,0.004680848292521455
199,0.0054996758567375775,0.005698929557610265,0.006099548196124559
200,0.005464818949814925,0.004521505656244882,0.005785232607618664
201,0.003224456313610164,0.003984600067144173,0.006263481201935663
202,0.0026983426677358695,0.0027109833442697834,0.0026226153056293235
203,0.009418510467585796,0.010689666067514814,0.01141664679728523
204,0.002031249644665253,0.0024691441818706877,0.004624067651800279
205,0.004985984022661925,0.012162162874869207,0.039775418730302936
206,0.0027752500482504713,0.002713489309948077,0.004495759005129643
207,0.022410822614887433,0.025819059136084323,0.026973690809628133
208,0.033164766785290595,0.0315551577120446,0.030407639471218495
209,0.005837432055532531,0.006234005574721982,0.008367198219616609
210,0.002085974889297435,0.0037137795569833353,0.013606772908709234
211,0.0014111214617850967,0.0022327323952611444,0.006461720875043674
212,0.05643338250766254,0.04619375785778864,0.07127076051534774
213,0.008315397598752872,0.008805781684322682,0.00907746279087989
214,0.011338279383824257,0.01418398971064819,0.016566084238449397
215,0.02405148213817939,0.030192127692308432,0.0361609418866042
216,0.004898691408854007,0.0057164039591710136,0.010456983424219945
217,0.04247585621526349,0.045907766294379204,0.06434615937165175
218,0.0082029997220787,0.008385711257044693,0.00866404438283564
219,0.0018790409389467355,0.002344962937615516,0.002451484377245543
220,0.0072945199906243275,0.009455183148563842,0.020528581587370524
221,0.006359910311001943,0.0066514321685870815,0.006879393458014621
222,0.0024702132878415047,0.0024250586415815096,0.002583350930892475
223,0.004517561054961953,0.0038321944387963948,0.0038539245109475216
224,0.007462445736562568,0.007040229546044378,0.011058005314267236
225,0.013664412901816459,0.012296750993930562,0.02840779440925767
226,0.014300608835116926,0.017263551771411974,0.02030868462270904
227,0.018582783042080504,0.023374504078945126,0.041507892520930484
228,0.0029900476587383625,0.0034233330453246674,0.0038309082518981925
229,0.014416819512963835,0.015751261358217333,0.0158237132887488
230,0.026868862980311436,0.025815156141047027,0.03651815929327999
231,0.008985843513191486,0.009669616221640863,0.010618977881782773
232,0.01717880957483909,0.02144565032197772,0.030162559913307182
233,0.0029646414100225143,0.0030033267178199625,0.003819470029856949
234,0.03037962599532677,0.03266757003076081,0.029194322976082467
235,0.005746657787972874,0.005582710059398199,0.007462002647527586
236,0.0044043985650232655,0.004262129697232154,0.004036004718937349
237,0.006241023562287791,0.007578507503626493,0.012748338964338435
238,0.006458423776896255,0.006391499942546578,0.015449090351287007
239,0.0018031010413415301,0.00201306850729704,0.0029178772199683063
240,0.001978681352345537,0.002207641702936899,0.004810026374554605
241,0.011592359145596243,0.012642471549787426,0.03162885981496447
242,0.005860951692964522,0.006328781178592814,0.00663868943919468
243,0.004187341090275084,0.003759846190749025,0.005129513607152111
244,0.00488420804954938,0.004390361505878903,0.005502366419979683
245,0.0049023734366064765,0.0038985231200816383,0.008559840721468504
246,0.0020809210071002678,0.0029268499288804184,0.0037584667732522
247,0.007263681378687876,0.008256972413827113,0.008730214791488602
248,0.014216186354286417,0.015129805325604484,0.024700938388809813
249,0.009734462472186147,0.01275630230993956,0.016177335297481436
250,0.008662897852886698,0.010389017182818927,0.011917060763877876
251,0.006474145028835086,0.005348755598080519,0.005252897208835649
252,0.006881447142030905,0.007281226693421041,0.020983990512083148
253,0.0022279496631176054,0.00182612572718927,0.0026595866519258673
254,0.005249451899678447,0.005593105451441924,0.00580526848963472
255,0.0013928304964891335,0.0012158224178671414,0.0026002550108373333
256,0.005163721033015984,0.0063397610703696495,0.008420197708546729
257,0.1574087492313108,0.1743367584097038,0.17987444805631855
258,0.003000792016959347,0.004158371552865126,0.0058764835005727465
259,0.0070109599062437526,0.007871286138883056,0.007907968151580227
260,0.0019529999098013757,0.001903684068661695,0.005359496012131626
261,0.0019574268608937243,0.002013718465984988,0.0020924569753883386
262,0.004104445478842246,0.004064286235023579,0.004702446398176493
263,0.003250229588224835,0.002957368623093648,0.008218166660257955
264,0.002982063918825114,0.002581411241046293,0.003048145399661596
265,0.022521551299855534,0.025007174844182148,0.02745226222328223
266,0.01434648439936811,0.014695037627492863,0.015317616129898357
267,0.016319600514539297,0.021504677294159037,0.02388015205928384
268,0.01633895583571274,0.016834239727402212,0.018198851584986332
269,0.0007675279767283734,0.0010079698695650411,0.0013458041129441561
270,0.001736581502388194,0.0018059488509712127,0.002408017179933343
271,0.01980021576350002,0.021270070663207474,0.021278086942325036
272,0.0017371800215823616,0.0019732638664832526,0.008129909375737411
273,0.00257147979075346,0.00337539827646625,0.004639368130414878
274,0.017586203768947983,0.022526656709516767,0.031185111759819195
275,0.017838876199438553,0.01829833795347367,0.02931362207357638
276,0.010517228823545331,0.012560322413603879,0.01350371483845215
277,0.0004948389910284411,0.0009406461139346818,0.0030440146149248114
278,0.0029666455090212535,0.0030538839630840555,0.005233091130033409
279,0.002237298917758152,0.0028308723593823055,0.0054011364427391925
280,0.010415776055177114,0.010356405649881535,0.00902342589593074
281,0.002741831651365281,0.002657275965490048,0.0028059981236170416
282,0.0075867930615980544,0.00765808953040068,0.007689160289815026
283,0.024913679242433755,0.02321418954583714,0.023450439916789523
284,0.0025009996667734818,0.0021219110167915115,0.005162202063962571
285,0.0032077131256072478,0.0030276376275793233,0.003910925141503759
286,0.005217561695131725,0.006209905855811627,0.0059952761440422294
287,0.029209010251535467,0.02502478621012709,0.025298875483193328
288,0.05246420024539913,0.06056085306695524,0.08298265814982743
289,0.0023569338029309785,0.0023797957411033606,0.003806060831520774
290,0.034256421937035944,0.05013265990858533,0.11877348993134491
291,0.0028852765760989953,0.00239888284753128,0.0023360270226278398
292,0.006877183185183973,0.007129604752403006,0.008682334397502985
293,0.0019930494758304885,0.002032307442052179,0.004009752618142542
294,0.008076500212219808,0.009297407178194767,0.010708381772389246
295,0.008254729568044933,0.009890821771223185,0.01040972758152561
296,0.004495928727208205,0.004238105294161614,0.0041494663378083725
297,0.010885996744725688,0.012264734540905278,0.012124727098996169
298,0.0062856330768505985,0.0065200727416499194,0.006843868016306455
299,0.0009227131354793596,0.0011695563411810257,0.003672084050975101
300,0.01228189689289695,0.012897944178593199,0.019323390566082302
301,0.00154672823807831,0.001690124480628008,0.0033157924109441473
302,0.012152422909284333,0.015729430310911625,0.017492742242444115
303,0.007419367641438496,0.008408015856169224,0.00927634416792271
304,0.012402824776836125,0.015490233439994365,0.016680548196271502
305,0.026695181583299032,0.025617252259391578,0.024666707269364638
306,0.002957003036955776,0.003634815116667588,0.005384808438712474
307,0.0026022932491505503,0.005828089154497518,0.020169103277447854
308,0.011971775256565956,0.013044241894552989,0.029569841608689286
309,0.02349031037513259,0.025386049135940066,0.030465206159365855
310,0.005020950228065293,0.005103286486776961,0.00785724807005
311,0.005356919460174967,0.012282887353490419,0.0459508769082871
312,0.0033412180495808698,0.00372720212611147,0.0037433614356040756
313,0.1076752863146501,0.12884752862476476,0.20326196269758232
314,0.0017494108331729472,0.002404634931240665,0.004585902946332081
315,0.024985624028547062,0.030539964339906467,0.03195281300359269
316,0.0034338984395130686,0.0040626645301663905,0.007678838690309742
317,0.027200796330963284,0.02845528551737061,0.04350704108237654
318,0.006031511362659711,0.0066451807521756105,0.006813977629515714
319,0.01581713062411751,0.017390095517343142,0.018203366009654214
320,0.021210662615449606,0.023375928303051702,0.03228464963795024
321,0.0022595790865647222,0.0036467832135286754,0.009960216453817198
322,0.008554870945721568,0.010545629708874533,0.03810301926000023
323,0.0025917143050623735,0.003968376923996184,0.00823463088508833
324,0.006843579627689051,0.008317819867719359,0.009209750428885199
325,0.002283417633175349,0.003375106680278192,0.011646672882039608
326,0.0034784415670830403,0.004535639241521219,0.012365901189258836
327,0.011108977856832871,0.011505326555216168,0.01171681970435835
328,0.002269774421985025,0.002849946146314909,0.0070057461324863814
329,0.005375846842000746,0.0065362057776190375,0.009505978684479893
330,4.1099730138476005,4.174452849958569,3.782126067335954
331,0.006061486172689888,0.00699562288091504,0.009155671913589559
332,0.011754038362164114,0.012192824551571353,0.012870772854993074
333,1.2930240017363257,1.8072341593195218,2.6270896122798666
334,0.014096193097610607,0.011427702214995538,0.011069047649585259
335,0.6434823521859805,0.7346903472139362,1.285140936197511
336,0.014666600365314735,0.016051920688052654,0.01905090733942212
337,0.00909784274758623,0.009205485164779793,0.009066403914580117
338,0.005400891829311687,0.007066614529319105,0.014584772234552403
339,0.003599065306761081,0.005457101918442523,0.01588940876122511
340,0.004351128983149081,0.004737509317810798,0.00476642844364932
341,0.015648532385744714,0.015850768874150288,0.01649255510834473
342,0.000842871216336547,0.0025687832961863444,0.009148268625772386
343,0.08326153685668762,0.09812595783373058,0.1028145979965816
344,0.0030718394037742213,0.0030598726555630057,0.0071932282704743715
345,0.013783663044621688,0.01722279532322888,0.028281306063937733
346,0.06786721005858312,0.0706782677765658,0.07326785008529367
347,0.008742903542250458,0.012014344347765344,0.015503791044157191
348,0.008917495391015029,0.010412726849904136,0.013237305427511187
349,0.042863436122668984,0.0765121354255289,0.21421167663652832
350,0.0021714502132345356,0.0041098726046325425,0.011604553164078917
351,0.026277260022168625,0.03012626661192349,0.08483940084080144
352,0.0029569577340704,0.0032935829679629626,0.004003478730250843
353,0.019513230570698946,0.018536777868839647,0.034780323856660085
354,0.014192155575325016,0.011117259862594738,0.01262135551660519
355,0.0013339370031212679,0.0011140001143163031,0.0014434172940157267
356,0.007011414027799175,0.006650349251385003,0.008996462600917281
357,0.006429873477575146,0.007302117536185295,0.0075424883802808
358,0.05278055198028044,0.048639128665220015,0.048101947416998414
359,1.3838900473868745,0.9688587453357751,0.7236112207804435
360,0.00966075906521848,0.011384714832570468,0.01674251030045858
361,0.034617432301745056,0.033357309719927765,0.03154125584512159
362,0.1603145643992055,0.1782692053174221,0.18150155447349886
363,0.19071896659076115,0.22334569995163722,0.2527270887308271
364,0.0012251569688626423,0.0023414642345853257,0.007254624457917615
365,0.001233169184336812,0.00175384792736967,0.00433650574282679
366,0.0049828396060028115,0.0058329656686526244,0.007265591033449191
367,0.006759041056650632,0.008110724987920486,0.015483481654105864
368,0.0034856343736065784,0.0032649004793480463,0.0046153365777926525
369,0.0059357284657946315,0.006804001829472728,0.011938272110029619
370,0.004860170838793492,0.0055180548407025645,0.006454923233186685
371,0.005527673438025518,0.007261258159743118,0.007501832350834686
372,0.010107413402880915,0.01583494554500679,0.03828041693857294
373,0.0030593488946800184,0.003809188620718243,0.004292024169403299
374,0.016543577470710835,0.016348440986061176,0.017158287988267712
375,0.0008908927792033169,0.0012589253699042012,0.004324856742484621
376,0.040811242661363586,0.04128479873783426,0.042134288335132816
377,0.000858166157943591,0.0027514380028996997,0.009586648655656749
378,0.004153705187865499,0.005066825716830941,0.006024191347809356
379,0.004613596039579713,0.004875493457084985,0.00847605993995503
380,0.010567388471520186,0.012799338725522594,0.016498840089460568
381,0.0026589450722942247,0.004001893897474053,0.006675141305200822
382,0.0050957052557858385,0.006451864630658954,0.010734941482622799
383,0.008239794916233247,0.008729555885054606,0.008521327549761011
384,0.12200336140087756,0.16379591558205797,0.3438983325767396
385,0.0030745407284198606,0.00383746942218088,0.006387011010665012
386,0.0032019531754360854,0.0035377106520048714,0.0039245266845665955
387,0.002815870108265202,0.0025906759397457744,0.0056143598735542855
388,0.006546413209713986,0.007521280661461112,0.009288345986176606
389,0.007045230091294652,0.009811173944814093,0.01632324192838454
390,0.004469328406833465,0.003872102910583565,0.0040150249421034585
391,0.0037625901644306264,0.005671479092750362,0.014924014726465857
392,0.002394318768870549,0.0022169416321326076,0.0030065891592536715
393,0.002359588375548412,0.0027523373884363244,0.005676943315781956
394,0.03048920728269438,0.030228039096359374,0.029119864199463476
395,0.0030349863439038355,0.003337356266753149,0.0036934284062944077
396,0.003256013086207542,0.003947461095556916,0.013812002153455556
397,0.011902426523208907,0.010635527612757179,0.009636699735280663
398,0.0014489445456209596,0.0031995304470860166,0.013723349577028419
399,0.01699299787146571,0.019009472448956545,0.019743983550371703
400,0.011636947482724872,0.013764064104929584,0.023688636994419716
401,0.034752640838459206,0.03648197171963297,0.04782196528485095
402,0.009815859892752226,0.009459460253581691,0.00890055519654903
403,0.002310305973236609,0.0024413193601773215,0.0022650681641052843
404,0.0027014860860442537,0.003262181923779942,0.004741547955836391
405,0.0013817227921977128,0.0012647018934389158,0.0013494325010801752
406,0.008272215897716689,0.009026592565697468,0.010837444665553224
407,0.0013527351335355727,0.0016926850911102216,0.0026469448423666374
408,0.015721077183698903,0.01704807479298045,0.016688998272646298
409,0.0005717844150401412,0.0005353342139816048,0.0019623059679625414
410,0.005833844051664099,0.008321681381545624,0.00958524249184847
411,0.004298843209385191,0.006520367431326616,0.00989690161219043
412,0.005051140717502121,0.004320876937590481,0.007535806252462755
413,0.41099212063001345,0.44915908727137044,1.0594629631931836
414,0.0040852377507451625,0.0035462901509608507,0.007002417465344488
415,0.02216409630942383,0.03512441617272221,0.07714686096168129
416,0.024664660454392674,0.024797959591187864,0.02465800358775698
417,0.0091296855930695,0.008742546782228449,0.010256909197901055
418,0.004696751597613815,0.003991305881859236,0.003976085379158119
419,0.004570110799516066,0.005150416944463516,0.005273928369842743
420,0.02369499567454011,0.027399763197714633,0.030642458113428188
421,0.0043204718512715855,0.004469071398634705,0.00497543087464981
422,0.004971597591332736,0.008228330770387269,0.02318390127063735
423,0.010892479353484589,0.011491167027657446,0.011993097558336155
424,0.004163461296631386,0.003670830949870625,0.003312568515258135
425,0.000546706054440339,0.0007916646095292399,0.002913279118665077
426,0.01770700681001611,0.017695808756074675,0.017844027318920607
427,0.013573379340696388,0.011194032235813505,0.01371258164998248
428,0.0035422184626273884,0.00401886088384127,0.004056776514237836
429,0.24384797250727835,0.3573715715394315,0.7216924974477898
430,0.0045929449638662965,0.005224199785848541,0.006816896510385438
431,0.0051912936373318674,0.005814062558332515,0.01078574378401527
432,0.00270173523436965,0.002824324842881099,0.008069284669160483
433,0.0048683360503493185,0.005705502126345862,0.0057300489147364495
434,0.014154993667305707,0.027384201028142926,0.08733693001129542
435,0.007197896292604883,0.006567268265240087,0.008234949438754474
436,0.011814005405083946,0.01209889174804553,0.012254728376416325
437,0.0008026282447925439,0.0014879639340941945,0.0038281617801398183
438,0.00415245172995752,0.004365101691089531,0.004690455779844024
439,0.0032745401054006923,0.005360114131960521,0.010630774693219863
440,0.008780429373202635,0.008632009216977243,0.018334713293459245
441,0.012265208115012539,0.012259688528644673,0.01792728051077529
442,0.0053715950460779425,0.0053341331641878695,0.012619282088701228
443,0.004103680102043686,0.004523677188556481,0.0121775291694278
444,0.0022059635414902333,0.004844138812873902,0.014058277311775069
445,0.002355692853704688,0.0029159111828937073,0.006899180832316349
446,0.004288783273466976,0.004595506104670383,0.004614692965174013
447,0.0013767150542891681,0.003037700894678356,0.01207913381608636
448,0.11716530505657823,0.12115851273780417,0.11328883000742213
449,0.01291512122043818,0.016793049019361617,0.019732538224739842
450,0.12220215758412414,0.11638052611198718,0.09925682251707599
451,0.0012097674420216632,0.0012224441223050986,0.00307967783642555
452,0.029559109792837268,0.03335802372831998,0.03435634419529937
453,0.0029691991818464793,0.0026690282077976935,0.004899322516761319
454,0.005007102721327936,0.004521172593920277,0.004722211461851367
455,0.0047367188226805105,0.0055047915145863165,0.006871895156474861
456,0.015620165065772185,0.0176395099480648,0.027355504901859153
457,0.002849888095620036,0.0032908009186895437,0.006219019105300589
458,0.0025929027940941587,0.00326053889344447,0.007307126094068152
459,0.0014843771824653948,0.0014540552020842882,0.0059768208857733296
460,0.028105255016989662,0.027343482122723684,0.0506916200374133
461,0.003444393575657639,0.004063412174155665,0.004057028915482312
462,0.0021197773553928326,0.0025945598729157386,0.0031000350409585444
463,0.0025747004566169652,0.003042362284051743,0.0046082437355316735
464,0.0016235718419457962,0.001333748033134009,0.0015413193631001563
465,0.08367941913585415,0.09524976245088788,0.10130784429388989
466,0.4805764051724816,0.5975508045183174,0.9498598782303465
467,0.011713199950014462,0.011484809950384943,0.01101156491015461
468,0.000603146025300474,0.0006230508928202951,0.000979599573768154
469,0.0038877205392320257,0.006640139589046028,0.020638755007957085
470,0.011960968493496628,0.015311248210540777,0.016522447381572162
471,0.004189958125650666,0.005127932101166672,0.005569138355389671
472,0.00821146280927516,0.009282334491330481,0.018530717750732163
473,0.0024660028082697802,0.002575746799493894,0.003020693299622826
474,0.015979981364158936,0.02040889889562698,0.02176852238008155
475,0.0038896362454570502,0.004446144770744433,0.004842515328524282
476,0.001272143281518328,0.0015296411966775466,0.003998161333486816
477,0.019030292477654885,0.020951039877856716,0.0266288937503438
478,0.0013963080342950678,0.0012072799693013567,0.004740766184375264
479,0.00565639405586023,0.005334896133929098,0.005527996643845021
480,0.03350655061394738,0.05460421230129518,0.14737390940983205
481,0.009425719499228496,0.023213264543770647,0.08082261934660112
482,0.008675187880589599,0.007338129995939548,0.007087310890657371
483,0.0047564954526554135,0.0040513714590605385,0.003759784198544253
484,0.007083096766372023,0.006150712618794519,0.006068597578070124
485,0.007971668122983945,0.010630380209649957,0.01534022616329155
486,0.03429686022640922,0.04344370917379003,0.04515047215458747
487,0.024757033324188025,0.0228718076469776,0.020606129845604677
488,0.001115978254674636,0.002358292160633273,0.009123155724728837
489,0.004424460492647201,0.005724889631278532,0.012241454104094657
490,0.022500140023455767,0.026774888608307335,0.05155509154921067
491,0.004749310519482639,0.005507737535644569,0.0075050934617771495
492,0.0034301752101266575,0.0032823315462374735,0.002712085712837748
493,0.011621674348223107,0.013462691219038606,0.013872811494660506
494,0.004151082189873859,0.0034486235895818547,0.005754543589684688
495,0.00511335218413069,0.005814213415856798,0.005282378357727943
496,0.0014176967523147305,0.0017521554720988594,0.0035052429046672417
497,0.00750044212543866,0.006354790443911255,0.00611841211763109
498,0.012988810432636,0.013395362073694692,0.013373071631436174
499,0.014319436714765132,0.012489773324641693,0.03050653370069259
500,0.008559415646370897,0.009938921866503992,0.014926879046945096
501,0.012184023960272326,0.01227124358108842,0.011965162826987124
502,0.19345679081251693,0.17925563040466602,0.19348576818643945
503,0.0017770466459078003,0.0026285608919353726,0.003706755694105475
504,0.0963165916611975,0.1192394584881906,0.11415028130018179
505,0.004350563664519493,0.005626719291340907,0.01083567925046627
506,0.0010502155627287277,0.003049650250782311,0.010393943253462094
507,0.007330120693669365,0.0109706735098714,0.02513574760868602
508,0.002595295108028807,0.0023572603138383432,0.00377099111702394
509,0.020664426260554116,0.016525992448811415,0.014308910091972927
510,0.0029638346598775925,0.0023600218584965936,0.0027285194168465837
511,0.0470518733275465,0.05279845185549066,0.05455237757267962
512,0.0021363345229764947,0.00246598858139544,0.002468066791382574
513,0.18933552521609165,0.29624860138606424,0.6373580308055139
514,0.005320988206953263,0.007143675818810793,0.012623863776129625
515,0.07415709335533315,0.08830513359373846,0.09333161200102337
516,0.005578617841355511,0.006001483931773428,0.005935639398604867
517,0.002660992334030828,0.0021357663039330062,0.0049939991916389224
518,0.005455811122699876,0.005389082352261599,0.005189444463895647
519,0.0033159992674869237,0.003793765984606604,0.004825376639079189
520,0.021234971322273505,0.01897978409092784,0.024820244433880402
521,0.01322316591454149,0.013861092973429053,0.023835490246994363
522,1.0161667636014955,1.0751824902651388,1.520128981889591
523,0.1762427459649066,0.2310826472096912,0.35458085112854315
524,0.002607770490976003,0.0029615391066087097,0.010029050683716616
525,0.026835344014308822,0.03102384462556153,0.037387370661209327
526,0.025516377717835586,0.02847717640613098,0.030479117433492374
527,0.0037520272094776464,0.00331413461022942,0.005202130651211088
528,0.008322884560850865,0.006965048794942149,0.00712449487593617
529,0.0043336703786794805,0.005362537034484615,0.010069182419420033
530,0.009976337091886583,0.012344005918351143,0.017124413464010044
531,0.003080076081618712,0.0036469937744042853,0.0038218072431055457
532,0.012039363176965492,0.014800799735351382,0.016118420725480073
533,0.012063865505364469,0.012919275839541467,0.013011575094389258
534,0.0020708603426140824,0.0016840857345652063,0.002667181811902326
535,0.007642288930778347,0.007413997588630667,0.007941628763532873
536,0.0029570922084623196,0.003965579474855831,0.006222451835091083
537,0.012420176063197263,0.012015700390330635,0.011820774669420752
538,0.010778256397067499,0.010107800609943613,0.010418391671722493
539,0.008982912255092165,0.013805314570860278,0.030795924767326507
540,0.001663155109165581,0.002186461272157511,0.002496790679667856
541,0.002156611947932745,0.0017848453213455003,0.004898260593541949
542,0.0013099322696092125,0.0013982363435658467,0.004691379657290974
543,0.003948075261384106,0.003984663264041501,0.004176802493033933
544,0.01089991895722083,0.009783623343744467,0.011261938456812186
545,0.0046895154553645586,0.0042161763765513295,0.013783323593473406
546,0.0014542166854866535,0.002241158646766599,0.0060171744533686535
547,0.0019840807912003136,0.001989552355555099,0.0037396173428697293
548,0.004466360104289424,0.005125108315860759,0.006879084534220711
549,0.003787531037930747,0.003697450655686363,0.00554457981288636
550,0.0018101273178667363,0.0025593250188938894,0.009498387750489633
551,0.007785956885998152,0.006678116236349275,0.00740727831910695
552,0.002246688240641546,0.002370215723887334,0.007201608993310533
553,0.0031487937911715814,0.0034477660328111055,0.007146167971113702
554,0.008627783169041971,0.008585214027817383,0.010223797356260335
555,0.009975437789414874,0.01190061616527936,0.012405346731435903
556,0.007100403132786845,0.007426483609450207,0.009428129541297852
557,0.0011348006395630048,0.003006082113845076,0.011415587106614812
558,0.004762674645150215,0.004785490299825214,0.004572500829867324
559,0.01987961995901179,0.022378918409921927,0.02385437784232086
560,0.002534714030108906,0.003079731625826794,0.006844038440016586
561,0.04771108472183873,0.05051012735423845,0.05870569812867324
562,0.0688671506054142,0.0731875707368074,0.07689667160056363
563,0.022694067193982488,0.024373668635052706,0.034125795815850984
564,0.005979827217279266,0.0066535566471365845,0.007040786844003719
565,0.002651631496768163,0.00347112135841668,0.0117614339167901
566,0.04052340558325403,0.03988922313540898,0.047731180729918735
567,0.0031874620010394817,0.0034503933401982927,0.0036972062310666963
568,0.003333376954799352,0.003343612793855662,0.003230944768036101
569,0.055597937638862296,0.05899379531969852,0.07289355611523769
570,0.0009397915355986413,0.001058891386372885,0.0021882159076370743
571,0.010878941352518198,0.012396160120012694,0.025392096203226678
572,0.02178890957415133,0.02269954709122374,0.021797015354231807
573,0.004538114848705718,0.006028866127095107,0.010473771881137111
574,0.006355064681688544,0.007510230392634734,0.00861645100915021
575,0.004953392357002605,0.006397024781434946,0.006998640112333785
576,0.007779550676926886,0.008170755997489157,0.008585154134511518
577,0.007781038500659176,0.008772406597394616,0.015012372661934264
578,0.021691071323163814,0.021948745774513546,0.022071227859079293
579,0.005242377589457404,0.005971208978944983,0.006707769375427989
580,0.005905106094666192,0.0060616901038746005,0.005477572265093169
581,0.004410483493070995,0.00575905607771657,0.00826384456479687
582,0.004344312779018843,0.004056921634031835,0.004588951287399121
583,0.013212868792127677,0.012133191426545514,0.010727382471115652
584,0.004432158845632705,0.008844592307865499,0.027650895281581264
585,0.004044884087959416,0.004903478743107515,0.012913578157230956
586,0.00822141523684553,0.00868005795317797,0.010688090936802836
587,0.009777434430176915,0.01114144960685765,0.012881010531424295
588,0.4422531924959415,0.37170982241733597,0.26573916923488833
589,0.009126523462849857,0.011483888610424202,0.01240971824793022
590,0.006543868666274317,0.007220234330319822,0.011291285451336331
591,0.011693143609334511,0.01494592790018711,0.02489938825104099
592,0.01170195121783809,0.009868203083354366,0.010801190171938637
593,0.0014018557169341614,0.002545969371779876,0.0073435079429972116
594,0.018956446381656326,0.019925603747616615,0.02244534718750629
595,0.004065857947360575,0.004923769807045838,0.007324354015201241
596,0.1832627365777465,0.17486532252480075,0.7863277755392722
597,0.08339682350515645,0.10211906940902889,0.14578293326422045
598,0.05316968093683953,0.05215788778237292,0.05260658365726057
599,0.008380959650333957,0.011446771338276839,0.02801550018869647
600,0.0047441594922030894,0.0051286828003836785,0.008032442746317665
601,0.007079440963521392,0.0067812265992614916,0.0069471883970984635
602,0.002254092177078272,0.004471884269456303,0.01728747796841201
603,0.10077039855457655,0.09151631297873769,0.0863986033791225
604,0.0021344474111255106,0.0030102580631190153,0.006088002728229195
605,0.005631905128676677,0.005507107492216478,0.0048026786375444525
606,0.08689883980463844,0.09952985902021051,0.10417629484219587
607,0.007873948647090654,0.008080900112255844,0.008751818452203663
608,0.0023292324652755087,0.004107799937919382,0.014673310775320305
609,0.005875004656197403,0.007004226716291975,0.01648000622235195
610,0.0066352311515609375,0.006907789508997987,0.009181817316383808
611,0.12758119519474356,0.13621578475961885,0.15746273952220557
612,0.001738915447653024,0.002675561263105617,0.00594791827340908
613,0.011477385103371157,0.016437507935319246,0.03671162368027011
614,0.013361884561162867,0.011148332056827233,0.010804391067204608
615,0.011560776558823503,0.012130677161764181,0.013796107406441604
616,0.006793517362000369,0.008769849011743469,0.020841968671954928
617,0.021911926045796448,0.023478877469965895,0.02442546845935015
618,0.00953804664558631,0.009115039007472132,0.00858805730458399
619,0.0036461887364827974,0.004261165995651358,0.006926690374763756
620,0.0034435085601680787,0.0037065426821712632,0.004477428004523269
621,0.09028525060811057,0.09484568505777859,0.09611990893417964
622,0.022980754153044215,0.01990125288264766,0.019552872782093646
623,0.005719285911374704,0.006075591582532727,0.006101225249874425
624,0.0023472888280481005,0.003419164465878531,0.006331071643693287
625,0.004626856862714115,0.005617495949944505,0.012567547457630194
626,0.004603770348450668,0.005133943559569289,0.005405858166611266
627,0.03247927392688748,0.036543203556064226,0.09410597039422086
628,0.0055280408668426225,0.005869813778164248,0.008987241186284215
629,0.021422332158557433,0.018918314082712454,0.016379054103202815
630,0.027930598459676725,0.033782712290997295,0.037775795060075716
631,0.007702934781141933,0.00885152817395506,0.010680613881883657
632,0.06428291011907723,0.07312428184419882,0.10745091333579829
633,0.015668327941994777,0.0178641627437736,0.019332698428741323
634,0.004272587743109858,0.004788659843949464,0.005802390601323211
635,0.028607274397073786,0.03011213895299931,0.031084853466120083
636,0.0014660682694663204,0.0026628355514665635,0.006839812992124688
637,0.002490399062234477,0.0020154671523311897,0.002355891800481402
638,0.005455467403209303,0.004709597443617834,0.00463956113327828
639,0.01990609446313827,0.018855663305785687,0.024569188668101836
640,0.003876456817197559,0.00440447258981864,0.0071324820210932035
641,0.018613148318085526,0.01776544075336144,0.031884147628947604
642,0.005028023025528961,0.00609128447875409,0.006632277219822992
643,0.00757150984093038,0.009007152811798154,0.010729980045933358
644,0.005605504273182415,0.006514765771079961,0.007903904212692383
645,0.009441413318128337,0.009496180021555452,0.009210157904643367
646,0.005559849043206641,0.006714044127036757,0.012713915234387274
647,0.012766520064593358,0.012927510470620384,0.013450640895084626
648,0.005879048368295048,0.006520276727983253,0.00770404254804345
649,0.03150037921034403,0.03715966095409322,0.047634029115815955
650,0.008063026846125521,0.007089594115070702,0.007555707124518913
651,0.00824623487677785,0.007251962120357488,0.01126229266440396
652,0.004502583894875086,0.004853549525957248,0.007563998624329355
653,0.0038500617611788657,0.004537813949776342,0.00475604217273986
654,0.0018371032261281298,0.0027055641401970277,0.007001124862751989
655,0.0030205856676957217,0.0028642019114301933,0.0027010981032296513
656,0.00702801320315794,0.007840706176364015,0.0108667627416072
657,0.0017846964388138278,0.0016334090555698247,0.004933528965935733
658,0.010965386423716566,0.011352120846410801,0.018732912121649545
659,0.0010505094168409622,0.0010337521071549236,0.002217980686544617
660,0.010397961117773963,0.010084078415943856,0.010967771169588043
661,0.004631916418897141,0.005585112482582404,0.010373431576885538
662,0.00354488160212645,0.004918903328480855,0.007106257740814659
663,0.003786265564449163,0.0057727538770897206,0.013761462039314195
664,0.002557071215968463,0.0034418428629985117,0.004144666382603094
665,0.0017680139161328576,0.0020164940613445433,0.0018709447953694147
666,0.0029317673698672315,0.0032934183649770306,0.0037810069359293574
667,0.01616635985817542,0.01606916936014727,0.015050564861191613
668,0.005448078111995706,0.004961742232119984,0.005234406886836147
669,0.005213412975897152,0.00586776910659792,0.008191550965749951
670,0.03067047461939501,0.03621182964064745,0.05269992932326752
671,0.11994753981313186,0.13826841042218868,0.2022945347569707
672,0.005466230713090942,0.007323295611245502,0.01337044873847434
673,0.005473464508808127,0.005688588425927047,0.0053971055460024404
674,0.002655613986472227,0.002666063607134208,0.0027436488545485834
675,0.00957467760139597,0.009647191222174915,0.00935280320760078
676,0.010301284536918443,0.012879591337500593,0.013803255555714267
677,0.025723333770433277,0.03389081418818194,0.047138477955812726
678,0.003433442922261917,0.002792591693834655,0.002612777320755841
679,0.004191390085443315,0.005098696500475076,0.008350597556868953
680,0.008749612005134945,0.009844768392079243,0.011603989040187966
681,0.008166602769726243,0.008611794804855943,0.008639871729111999
682,0.0017402033613054997,0.0020377445131635617,0.0023113178445914252
683,0.004387385714964741,0.0037789683569033304,0.005196839536312645
684,0.0023393704603189122,0.0028694446974455888,0.0050448502468084955
685,0.008700677423030472,0.008458047613909695,0.012445152829288219
686,0.0028206361541499433,0.003449753545717273,0.003684059402445378
687,0.027702019058682137,0.028038242212585045,0.03212786776606329
688,0.00794282011688901,0.009339972058887454,0.009901566413242842
689,0.006289357730609349,0.006891319885485848,0.008123082076440344
690,0.01398652358532467,0.018425212787898822,0.021990271898763618
691,0.008033895528330962,0.00735615603841672,0.015384581544759992
692,0.005451800490236016,0.007323181143464059,0.026323683955984157
693,0.04510824692474335,0.0441787135545954,0.043342414932661416
694,0.039501536649197595,0.037570528537342385,0.03324282936950348
695,0.021750604477275885,0.025622338990408368,0.02722514472169513
696,0.004699281352133459,0.004300891753042055,0.004500758476167622
697,0.01483719681742383,0.019301891609738605,0.022140720519361515
698,0.7333050278517289,0.7388938053405671,0.6733084314329865
699,0.003627602038426344,0.0036023507388334808,0.008149133357038986
700,0.0024603987814119177,0.004650527417469951,0.014744924421341336
701,0.015696630631740184,0.01709169644621216,0.022709284612086603
702,0.03487117729901168,0.033137618880007,0.03434154039626638
703,0.0075127138143342344,0.007782414894921508,0.009859298838683698
704,0.00913649708861072,0.012644036346131088,0.027682936535965794
705,0.0074144406211732045,0.00752837028839592,0.014154456545097055
706,0.004847356350475468,0.005619584576319976,0.007668751274895442
707,0.00292018492617623,0.0023921314869747305,0.004432597714085274
708,0.008039004638550982,0.009126444071995034,0.009404889770516121
709,0.007063917996638918,0.009004025440148562,0.009546651770033623
710,0.002300202699770915,0.0037632636823458554,0.010891181180528044
711,0.0018052387694683391,0.0033547625779306828,0.00844895355792447
712,0.004007657436055228,0.0036077375491695308,0.005569906180931798
713,0.001980850527470716,0.0026832564228790024,0.008698482990232641
714,0.0029778435826410747,0.0021575643798974276,0.0025159180610844485
715,0.012023038587698178,0.013287182048788058,0.03228424897078578
716,0.004816434900953125,0.005204192028098576,0.012135691881351858
717,0.00524509186009274,0.005190298580110557,0.006644246272521027
718,0.0029740760441365676,0.006156575578622965,0.021708286812501407
719,0.014541423878010482,0.014394426701345593,0.014339093392285103
720,0.01593989008754655,0.018614245429598508,0.02022002692824019
721,0.007585657601861764,0.010279398197088814,0.030818468927718556
722,0.017324208760940048,0.01829316424846013,0.017842267131869684
723,0.08821480539896302,0.11088824673295976,0.16186396689417715
724,0.0026736095543011635,0.003089954764252689,0.007779748677892579
725,0.01677450249964712,0.01474205575153745,0.01767750505115029
726,0.021209154870736414,0.02067780359238296,0.02066140706584614
727,0.0017744053780410593,0.0019278941566427807,0.0018471358433833707
728,0.0036016760303689056,0.004597022957681134,0.006996391134201251
729,0.009494761458586593,0.008349256257697633,0.009868725840874311
730,0.003016849595605323,0.002673296351614372,0.002444904148698976
731,0.025639683885919584,0.02872539288761336,0.03161038430924073
732,0.012052419284190537,0.011801985605740363,0.012704603882012923
733,0.006018005856861226,0.005834202462844464,0.008849345864846038
734,0.007780860820409423,0.008318437377455827,0.008477436485597137
735,0.8136019205212517,1.1095707085892061,1.7008628645720476
736,0.15866210625182064,0.23163014058710232,0.5091943462064377
737,0.0026824674404643807,0.0028518235615667613,0.0028800558575589486
738,0.002037389399367603,0.002056326432335736,0.003996986501920835
739,0.008885420425813162,0.00784252535950167,0.02640542146413222
740,0.01841431748874619,0.02095569080118626,0.022799963697474942
741,0.008292019551733124,0.008090862636264323,0.008321768619309526
742,0.0011167314547751977,0.0009632101051413415,0.0013765688035584948
743,0.0029265397324416053,0.0033770470303494905,0.0036990345410602902
744,0.06863365170878197,0.07434884447257559,0.07657896474692796
745,0.0015094717550368968,0.001963383748066322,0.00418206869137201
746,0.004508351519238016,0.004073806279103459,0.006310775762809782
747,0.0035796574993096006,0.003799829597248056,0.006657932148539994
748,0.0008818317591869249,0.0009019677115065153,0.0011558112798862922
749,0.006921577107051417,0.00860420617266608,0.01114097635810418
750,0.002649752349256108,0.0029711845269345754,0.003024515407146151
751,0.0016691705035188908,0.001645289123668755,0.0045306070615633385
752,0.006751487222363602,0.005504303648994529,0.007807568413746332
753,0.006917656683283692,0.007337248200004221,0.007873499809355372
754,0.016814846370802723,0.015388569581878772,0.02029121789578083
755,0.024200543699985755,0.03927076196822758,0.09246253540416176
756,0.005847890278249296,0.007091440038381964,0.008079924041822523
757,0.0036840434497283415,0.004113373710574238,0.004248901907395709
758,0.02116991219670438,0.024245328890646872,0.02543014959344286
759,0.006113729303484528,0.006962631569858493,0.009811271613751138
760,0.011599040659529589,0.01458643741111422,0.019704520725376352
761,0.0061213132382454075,0.006447974647663169,0.009993858380120419
762,0.007646036248278379,0.00799108120665961,0.008256496709950897
763,0.005478170314027931,0.006028436350504925,0.007268818974643991
764,0.011887134361237211,0.015401783117933485,0.02916950283180071
765,0.34073778581874425,0.40985439005062974,0.4210983629090946
766,0.017932126783679746,0.01586961478894699,0.021188741439064983
767,0.002211719661292777,0.0026998348529499493,0.004222617065872872
768,0.005640447547317984,0.005686132103879891,0.007543006393834529
769,0.005953189580659162,0.010443059000130143,0.029920130832957387
770,0.0027279841748403867,0.0038626974191836067,0.009428335468217143
771,0.01860870224246734,0.021847998054911583,0.02985106756227952
772,0.010727214464024075,0.00994947454061512,0.010291102187083527
773,0.011341765019594583,0.010467520339366881,0.012335835264475483
774,0.002032645055950616,0.0027087850723032116,0.007631387767773905
775,0.00827416627584181,0.009067403833836883,0.009285752593493771
776,0.0177670923146585,0.020737522679320546,0.023307139957354072
777,0.006454363639795032,0.007762535036055998,0.008163847995883667
778,0.002814876837625933,0.0025761563250845847,0.0024263809652839783
779,0.0285693633859302,0.026614870976581738,0.026898196829698268
780,0.008271753674553992,0.007347454758672348,0.00727548321217674
781,0.0022544641402148682,0.0020697610529920355,0.002070944757184908
782,0.028466359259731372,0.028951604723983677,0.0332540293514099
783,0.003982061935476919,0.0035478117785393715,0.0034700388929008773
784,0.0038716146612695623,0.003934221510075278,0.0034005514859354676
785,0.027607056670632013,0.030444416781194743,0.041091084922398075
786,0.0019151705744731608,0.0019412303104149073,0.003777518853129076
787,0.0030647572729511512,0.004023489245380042,0.004430231299821623
788,0.0071329922121039615,0.00665641615721349,0.008539326005293774
789,0.003812710106733887,0.0045815907588943276,0.004901233178254459
790,0.001273496364972013,0.00286731693473876,0.011677694107081964
791,0.002849345894941558,0.0035738560542333425,0.003984081925524539
792,0.004762140173236578,0.0058852822103930965,0.0059828036514140825
793,0.004356736896707738,0.004572685854416952,0.006511709353693004
794,0.008999632919303434,0.00963189713135734,0.009823613871313147
795,0.00878861249852451,0.009884558244382568,0.009824250913868569
796,0.0011952809625221915,0.0015596358686434013,0.002722631587210484
797,0.0021009427145854158,0.0028215303211864074,0.005787309306627616
798,0.00307601637675209,0.0037924234064025397,0.006225236305425607
799,0.002690547412443406,0.003904358329561738,0.008571804218689432
800,0.002506719302668136,0.0032387910490155165,0.008748084037197762
801,0.009971393188769297,0.010610297716022964,0.01218686555507898
802,0.006789279445652751,0.00782725490478566,0.011555311279619002
803,0.005181372363532314,0.004992427217474151,0.004664526489539457
804,0.00179718076691135,0.0023340377695514588,0.0030058887946938975
805,0.009151100438661842,0.009185639784652717,0.010871336016972372
806,0.0022435367267304145,0.001969362227212282,0.0027629664511258484
807,0.003618867823184229,0.006731147671826011,0.019120904575727973
808,0.019909865000491512,0.02572714784750927,0.038589911894650344
809,0.02970374670187889,0.028098811824214875,0.035309366939722295
810,0.019027864027147703,0.022007847219371112,0.023095840320195647
811,0.0046797440568371275,0.004884639516766248,0.005206748160694203
812,0.000948084504417084,0.0011309177947327889,0.0030496079207558095
813,0.0015481286408795447,0.0016939000757505978,0.0017611784071206145
814,0.010594708428060557,0.013548490291708938,0.02340145467467723
815,0.04375667910089009,0.058275832527172194,0.06570068418239101
816,0.011759984936872022,0.010699358393824345,0.011436892683481298
817,0.09420526785267536,0.15812116331676615,0.4113965808275167
818,0.028751352250859247,0.026382592942131924,0.02916769376322262
819,0.001831054441178602,0.001993823811493522,0.0023835499224126116
820,0.00754659639471345,0.007418543155739138,0.006103935465653528
821,0.007385709948630127,0.007488061851516238,0.010675762456532034
822,0.0013987804988465952,0.0019002968875514515,0.004258958618491025
823,0.008501266824784075,0.009326206287448173,0.010482415060114434
824,0.0022360088242434815,0.0024950785602424817,0.003246894572030942
825,0.015306701762249113,0.01302456229139391,0.01362978592591365
826,0.001992393693768738,0.0023189589100632364,0.006834083688872412
827,0.004399868214438816,0.004655883709157219,0.016477678757074496
828,0.045994435589747085,0.06496640088195134,0.1387233281180267
829,0.04144826060438522,0.04789582931372908,0.05033006266738044
830,0.004362556931497466,0.005458213599624848,0.007170077481244092
831,0.047943825678921935,0.05319381216410238,0.06778541371011668
832,0.017268681064726357,0.029227355875380584,0.08762992554481802
833,0.0024963107653711526,0.002105175574362121,0.002060205076242147
834,5.218256191041405,7.521603212241525,18.859356478022615
835,0.015341797164871485,0.013645519919370446,0.013683153012337761
836,0.0019499934567723993,0.0026471969200228037,0.007012487076612174
837,0.003323789949058721,0.0037376600295186734,0.0038197432405602623
838,0.012211141283418613,0.01597545019904288,0.028240940083599356
839,0.012188475628990373,0.017111344246465897,0.04244683669569529
840,0.003785333586812532,0.003398271319251892,0.011058708888462858
841,0.013095468382697841,0.014285195733653864,0.014201979840896255
842,0.0025273309793999686,0.002696984255984216,0.003326795900919128
843,0.005730552860750919,0.007085635666015071,0.01461895559672035
844,0.013683375187609356,0.018597067097451087,0.03885711018072893
845,0.03624713775950876,0.044713118662241466,0.05688995999133344
846,0.004708686573814044,0.010439899367760857,0.03288032769089943
847,0.0006772331947753006,0.000650074438187664,0.0006314296402815587
848,0.0016858502677926965,0.0019073567293902433,0.0020227650319870785
849,0.11433167671756879,0.13334394712148442,0.13991821711555455
850,0.05113565159127527,0.06520594594363685,0.09047866507821416
851,0.01394863968273317,0.013051736434332167,0.018431283602212464
852,0.016068824827427185,0.017662009564678116,0.05236439436686718
853,0.0034498312514299224,0.002882203155233728,0.007193018370307081
854,0.0047543329028001055,0.004145935741533055,0.005377494027660492
855,0.004790039439910262,0.006275550600585903,0.009008812929959116
856,0.0772009081729397,0.09163504419842045,0.1441262706042313
857,0.006713851693287541,0.005817151393916189,0.016191900836501932
858,0.011404961199723878,0.01260869293499735,0.017426759969974396
859,0.009329766674566255,0.008790106240281557,0.008837183134325171
860,0.005064757787654651,0.0043660693174406495,0.005605104331851868
861,0.013023859769224488,0.015063375670299039,0.01667970406610777
862,0.01070102321412896,0.010389825779737008,0.010787912793429855
863,0.007385559027947898,0.008377489732769734,0.007812054758099357
864,0.03795453325158035,0.03752196777357177,0.03804369618771155
865,0.004711448493964552,0.005854394879864539,0.009970346303520443
866,0.02003678228087637,0.02928563192165564,0.05079315086224013
867,0.001041244810947892,0.0012321008394264095,0.003231501706967141
868,0.0032024736106573927,0.0038142369837942673,0.005819284081810944
869,0.004849041644911853,0.004566796700265953,0.004133378178979779
870,0.002712811348660491,0.0031688846220805644,0.0037665834335336456
871,0.012702186943348764,0.014892194876001462,0.016597571032326997
872,0.007135683172701709,0.0066219665855678156,0.017543743239077
873,0.0026010825447893337,0.0023884065616302064,0.003916943635837699
874,0.014616577206712158,0.014206370879078669,0.015075536943823402
875,0.007841013941281902,0.008589475836902522,0.008529376832396506
876,0.02628814748066406,0.027528187536540013,0.04247127369944192
877,0.005385187800791315,0.0055510239425090365,0.00730230919703038
878,0.005125009287521203,0.005977117819096028,0.00689293942801898
879,0.0035600228176059985,0.004074863614702357,0.005744935120555442
880,0.008921133991410148,0.010749406881128626,0.011400256036599441
881,0.0020752546967071138,0.0018375491478159034,0.0018792842611263208
882,0.0017878915612880325,0.0027154960184994303,0.007047397559186613
883,0.0017002736288234937,0.002141140507202135,0.00936251975162063
884,0.005800007435850122,0.006651858381183578,0.007601302172539764
885,0.0065450927010217205,0.0075119016509231605,0.013153234238772434
886,0.0016872792762599829,0.0025052535308723724,0.0057829216140579094
887,0.01107469239967068,0.012166351898394566,0.013811360432733373
888,0.05623151740526424,0.07393965858645336,0.08632511185092806
889,0.014925927503653902,0.019312375057489586,0.04566729897692632
890,0.005385994412280125,0.004913476089202593,0.007819619833172304
891,0.005423190954556562,0.0051300199070011794,0.005741293200432485
892,0.002503064586941109,0.0025761299301968626,0.003055905147037937
893,0.016910385211292955,0.015389709360996066,0.015246619761246711
894,0.02394182848813582,0.023949265916359014,0.02318568605874594
895,0.10755926031342392,0.11748351880819706,0.11950281794591955
896,0.001974057255382242,0.0021227326427655318,0.0028849667190150507
897,0.008603923039613841,0.009527193866947382,0.010187942244277461
898,0.044417221432481405,0.06045305941209971,0.07168554806161591
899,0.006729826043792295,0.007815435121483793,0.010649857392546336
900,0.008169750005604428,0.008857445383338632,0.008114344899786723
901,0.0022082837133350474,0.002250921963387279,0.002329289780419157
902,0.016794761884676945,0.018735270210743084,0.01953535557780921
903,0.0013083558298017293,0.0015083510879227663,0.00650200082782821
904,0.0006885858626260969,0.001270152143944474,0.003681043497721434
905,0.006778260281021793,0.007720965880637005,0.007740201058302987
906,0.004998169397717303,0.006626235006807062,0.00698384568308614
907,0.004223330969051466,0.005329421317064628,0.008707238872093574
908,0.0026002997371911136,0.002277407981667271,0.0030258990438824253
909,0.005350201107304227,0.004392951761239489,0.006029062795332352
910,0.003009496605426697,0.005543156900322456,0.015189636986170733
911,0.002164058126008227,0.002772379027065123,0.005263462534312429
912,0.01350413282925507,0.016055926055920128,0.021111549809430176
913,0.006741633601661118,0.007751861081620865,0.007866422462561614
914,0.01804911709297996,0.017827127865830752,0.02013473011859219
915,0.026589356135786984,0.029438436297925308,0.030088764965007703
916,0.006236046229345186,0.0064656058690165195,0.00991820876002088
917,0.0008173672207876641,0.000676821203143763,0.0007490127405826029
918,0.013089397988219722,0.015078799969296387,0.02973082037119648
919,0.0031036827194104674,0.00476885712833172,0.013198078575745347
920,0.006546452395201503,0.005512165193800318,0.005383192939971486
921,0.0027849291356435665,0.003818378606889562,0.007388722345803148
922,0.01089184429582463,0.013646908321142102,0.014425777540311026
923,0.010863456257301158,0.01143538816211418,0.012894349861569215
924,0.029060788486410256,0.038502494180403864,0.08551591980849142
925,0.0009067575025693551,0.0008894936186887586,0.0015976387325210017
926,0.0024109123712486107,0.003582213477947957,0.006932624833555247
927,0.00261460812955813,0.003304452380443585,0.0064915482006534155
928,0.058881965485481205,0.06049958542790601,0.06917998822587845
929,0.028567936539734367,0.04079024644314207,0.07559903349989153
930,0.299705469354277,0.38344715545641817,0.4664506936502786
931,0.003075464887564089,0.006215557516863042,0.021275669920865607
932,0.023721610632356095,0.02408679590418462,0.023947074318572726
933,0.019503986840178962,0.021899716710381732,0.024048325969714374
934,0.004723007636238153,0.005605833566753354,0.0064392157533983765
935,0.011426095185124035,0.01348472951672103,0.01570860812602236
936,0.007631538155066589,0.00863625305130709,0.016656116038421542
937,0.005630071834264004,0.005037077448464774,0.008262755950836335
938,0.04128791916054597,0.038862498604564075,0.048135922751599655
939,0.007957390907589432,0.010062839720091194,0.019630133607843717
940,0.0042735467976803485,0.005332108564762147,0.009193239063577824
941,0.00621334408279955,0.007344820593917274,0.008049415214274014
942,0.052286941354095305,0.04674101604182666,0.04040362966294378
943,0.08801994053641712,0.10428280103333129,0.3668331432785722
944,0.0038935366737302608,0.003467090050481114,0.0038149393678798284
945,0.008333428103485044,0.008366262607779852,0.010259556145816605
946,0.0024299823248362814,0.002165076371454466,0.004983332688266549
947,0.0014084133048064974,0.001401447190513964,0.005974071794747635
948,0.0007383911007999317,0.00113343716301179,0.0030021029017703255
949,0.0028733740212953745,0.0029067619688687455,0.0037847214985337733
950,0.0026769953151427827,0.0030637029932454787,0.005241826118138975
951,0.009745057828026097,0.008975271253695289,0.008733292077517931
952,0.010240323651684072,0.010731062701674027,0.012357968740005028
953,0.00981033055494626,0.010131254476531943,0.011641717458627103
954,0.0041845872975859125,0.004235126982721626,0.0038391005241780814
955,0.005836619614587446,0.006016607760558155,0.006294601040341795
956,0.020480615487122805,0.026268753157122706,0.03440049394093637
957,0.02469177201935463,0.025384569474658815,0.037533252878016954
958,0.0023310689514055454,0.0045068115468636675,0.014224853553260895
959,0.003860577557673947,0.005495081922880449,0.011022012921425357
960,0.005040074494634142,0.005790037048847615,0.006921332227152544
961,0.0015369089627666715,0.0020925068180721196,0.00441212184221537
962,0.0043219973130945765,0.004612523854557058,0.00864418921973604
963,0.0024308980865999563,0.0026316269904501804,0.005896955396224368
964,0.008801465734677667,0.009203178505448481,0.01153370171467011
965,0.015481016396456836,0.01306249463125889,0.012292922037451916
966,0.017099807646691518,0.019657276198282034,0.020163767345802986
967,0.052905741263756134,0.05908284556422402,0.1317986257018641
968,0.006495212605610495,0.0063837003379238234,0.005008763625739473
969,0.00667057409326059,0.007058649497186705,0.011285322661844841
970,0.003307537747309813,0.004383540735486754,0.011197901688938002
971,0.0026895053647464488,0.003275683354222703,0.007371963929066719
972,0.013544541961041063,0.015001116348552938,0.01984564008920526
973,0.005188453195476038,0.005650354983676593,0.005727510521089084
974,0.0003005368201886511,0.0003359510976510641,0.000493918803800831
975,0.004023798626231425,0.004223870919215517,0.003684280224170412
976,0.03439607531587375,0.04796653307345321,0.10828498751686527
977,0.003250617958670237,0.0028658236556323253,0.0039983304821456025
978,0.005947213946532859,0.006957921625292604,0.008422755971632856
979,0.0009488573895905777,0.0014082528857439578,0.0015384034973743381
980,0.0012186420159779623,0.002339461309898461,0.007984395485436892
981,0.0017693778242449353,0.0037220526325876468,0.012151070692581124
982,0.02080742499747528,0.019331063686399457,0.018874439392453222
983,0.001805059336545899,0.0019607822770762342,0.002539511731742002
984,0.009695084512709623,0.011765490221831815,0.012496231415597206
985,0.0018749709361432286,0.002399314660956456,0.003973378907521935
986,0.003524091610951802,0.00392068046801483,0.004564841572251822
987,0.05917092443015083,0.06967861157817301,0.07117741622283529
988,0.027759132162951373,0.041394588528639774,0.0975794926203266
989,0.003345984428191194,0.0031968204918768023,0.0035833472764758316
990,0.004488587500866985,0.004351686375621012,0.004699521072580984
991,0.0035715314947157182,0.004375050833471263,0.007846901727810263
992,0.0026227590844003887,0.002673098944539689,0.002668895903812222
993,0.0008017633038623292,0.0011053846969989749,0.00169458758725912
994,0.03320322445145982,0.03934937866074016,0.09264179364270325
995,0.0009214045926469131,0.0018092716960862853,0.006369709038175322
996,0.0021007771722475945,0.0031641717586786988,0.009739038233270426
997,0.039698011871039975,0.041879923462949435,0.04392403055414769
998,0.00900326750705092,0.010839506851406085,0.01122860402288413
999,0.004143523993472569,0.005960832227181205,0.011002849668004714
